Material No,Location,Equip numb 
1,Unit1,pump1
2,Unit2,pump2
3,Unit3,pump3
4,Unit4,pump4
5,Unit5,pump5
6,Unit6,pump6
7,Unit7,pump7
8,Unit1,pump8
9,Unit2,pump9
10,Unit3,pump10
11,Unit4,pump11
12,Unit5,pump12
13,Unit6,pump13
14,Unit7,pump14
15,Unit1,pump15
16,Unit2,pump16
17,Unit3,pump17
18,Unit4,pump18
19,Unit5,pump19
20,Unit6,pump20
21,Unit7,pump21
22,Unit1,pump22
23,Unit2,pump23
24,Unit3,pump24
25,Unit4,pump25
26,Unit5,pump26
27,Unit6,pump27
28,Unit7,pump28
29,Unit1,pump29
30,Unit2,pump30
31,Unit3,pump31
32,Unit4,pump32
33,Unit5,pump33
34,Unit6,pump34
35,Unit7,pump35
36,Unit1,pump36
37,Unit2,pump37
38,Unit3,pump38
39,Unit4,pump39
40,Unit5,pump40
41,Unit6,pump41
42,Unit7,pump42
43,Unit1,pump43
44,Unit2,pump44
45,Unit3,pump45
46,Unit4,pump46
47,Unit5,pump47
48,Unit6,pump48
49,Unit7,pump49
50,Unit1,pump50
51,Unit2,pump51
52,Unit3,pump52
53,Unit4,pump53
54,Unit5,pump54
55,Unit6,pump55
56,Unit7,pump56
57,Unit1,pump57
58,Unit2,pump58
59,Unit3,pump59
60,Unit4,pump60
61,Unit5,pump61
62,Unit6,pump62
63,Unit7,pump63
64,Unit1,pump64
65,Unit2,pump65
66,Unit3,pump66
67,Unit4,pump67
68,Unit5,pump68
69,Unit6,pump69
70,Unit7,pump70
71,Unit1,pump71
72,Unit2,pump72
73,Unit3,pump73
74,Unit4,pump74
75,Unit5,pump75
76,Unit6,pump76
77,Unit7,pump77
78,Unit1,pump78
79,Unit2,pump79
80,Unit3,pump80
81,Unit4,pump81
82,Unit5,pump82
83,Unit6,pump83
84,Unit7,pump84
85,Unit1,pump85
86,Unit2,pump86
87,Unit3,pump87
88,Unit4,pump88
89,Unit5,pump89
90,Unit6,pump90
91,Unit7,pump91
92,Unit1,pump92
93,Unit2,pump93
94,Unit3,pump94
95,Unit4,pump95
96,Unit5,pump96
97,Unit6,pump97
98,Unit7,pump98
99,Unit1,pump99
100,Unit2,pump100
101,Unit3,pump101
102,Unit4,pump102
103,Unit5,pump103
104,Unit6,pump104
105,Unit7,pump105
106,Unit1,pump106
107,Unit2,pump107
108,Unit3,pump108
109,Unit4,pump109
110,Unit5,pump110
111,Unit6,pump111
112,Unit7,pump112
113,Unit1,pump113
114,Unit2,pump114
115,Unit3,pump115
116,Unit4,pump116
117,Unit5,pump117
118,Unit6,pump118
119,Unit7,pump119
120,Unit1,pump120
121,Unit2,pump121
122,Unit3,pump122
123,Unit4,pump123
124,Unit5,pump124
125,Unit6,pump125
126,Unit7,pump126
127,Unit1,pump127
128,Unit2,pump128
129,Unit3,pump129
130,Unit4,pump130
131,Unit5,pump131
132,Unit6,pump132
133,Unit7,pump133
134,Unit1,pump134
135,Unit2,pump135
136,Unit3,pump136
137,Unit4,pump137
138,Unit5,pump138
139,Unit6,pump139
140,Unit7,pump140
141,Unit1,pump141
142,Unit2,pump142
143,Unit3,pump143
144,Unit4,pump144
145,Unit5,pump145
146,Unit6,pump146
147,Unit7,pump147
148,Unit1,pump148
149,Unit2,pump149
150,Unit3,pump150
151,Unit4,pump151
152,Unit5,pump152
153,Unit6,pump153
154,Unit7,pump154
155,Unit1,pump155
156,Unit2,pump156
157,Unit3,pump157
158,Unit4,pump158
159,Unit5,pump159
160,Unit6,pump160
1,Unit7,pump161
2,Unit1,pump162
3,Unit2,pump163
4,Unit3,pump164
5,Unit4,pump165
6,Unit5,pump166
7,Unit6,pump167
8,Unit7,pump168
9,Unit1,pump169
10,Unit2,pump170
11,Unit3,pump171
12,Unit4,pump172
13,Unit5,pump173
14,Unit6,pump174
15,Unit7,pump175
16,Unit1,pump176
17,Unit2,pump177
18,Unit3,pump178
19,Unit4,pump179
20,Unit5,pump180
21,Unit6,pump181
22,Unit7,pump182
23,Unit1,pump183
24,Unit2,pump184
25,Unit3,pump185
26,Unit4,pump186
27,Unit5,pump187
28,Unit6,pump188
29,Unit7,pump189
30,Unit1,pump190
31,Unit2,pump191
32,Unit3,pump192
33,Unit4,pump193
34,Unit5,pump194
35,Unit6,pump195
36,Unit7,pump196
37,Unit1,pump197
38,Unit2,pump198
39,Unit3,pump199
40,Unit4,pump200
41,Unit5,pump201
42,Unit6,pump202
43,Unit7,pump203
44,Unit1,pump204
45,Unit2,pump205
46,Unit3,pump206
47,Unit4,pump207
48,Unit5,pump208
49,Unit6,pump209
50,Unit7,pump210
51,Unit1,pump211
52,Unit2,pump212
53,Unit3,pump213
54,Unit4,pump214
55,Unit5,pump215
56,Unit6,pump216
57,Unit7,pump217
58,Unit1,pump218
59,Unit2,pump219
60,Unit3,pump220
61,Unit4,pump221
62,Unit5,pump222
63,Unit6,pump223
64,Unit7,pump224
65,Unit1,pump225
66,Unit2,pump226
67,Unit3,pump227
68,Unit4,pump228
69,Unit5,pump229
70,Unit6,pump230
71,Unit7,pump231
72,Unit1,pump232
73,Unit2,pump233
74,Unit3,pump234
75,Unit4,pump235
76,Unit5,pump236
77,Unit6,pump237
78,Unit7,pump238
79,Unit1,pump239
80,Unit2,pump240
81,Unit3,pump241
82,Unit4,pump242
83,Unit5,pump243
84,Unit6,pump244
85,Unit7,pump245
86,Unit1,compressor1
87,Unit2,compressor2
88,Unit3,compressor3
89,Unit4,compressor4
90,Unit5,compressor5
91,Unit6,compressor6
92,Unit7,compressor7
93,Unit1,compressor8
94,Unit2,compressor9
95,Unit3,compressor10
96,Unit4,compressor11
97,Unit5,compressor12
98,Unit6,compressor13
99,Unit7,compressor14
100,Unit1,compressor15
101,Unit2,compressor16
102,Unit3,compressor17
103,Unit4,compressor18
104,Unit5,compressor19
105,Unit6,compressor20
106,Unit7,compressor21
107,Unit1,compressor22
108,Unit2,compressor23
109,Unit3,compressor24
110,Unit4,compressor25
111,Unit5,compressor26
112,Unit6,compressor27
113,Unit7,compressor28
114,Unit1,compressor29
115,Unit2,compressor30
116,Unit3,compressor31
117,Unit4,compressor32
118,Unit5,compressor33
119,Unit6,compressor34
120,Unit7,compressor35
121,Unit1,compressor36
122,Unit2,compressor37
123,Unit3,compressor38
124,Unit4,compressor39
125,Unit5,compressor40
126,Unit6,compressor41
127,Unit7,compressor42
128,Unit1,compressor43
129,Unit2,compressor44
130,Unit3,compressor45
131,Unit4,compressor46
132,Unit5,compressor47
133,Unit6,compressor48
134,Unit7,compressor49
135,Unit1,compressor50
136,Unit2,compressor51
137,Unit3,compressor52
138,Unit4,compressor53
139,Unit5,compressor54
140,Unit6,compressor55
141,Unit7,compressor56
142,Unit1,compressor57
143,Unit2,compressor58
144,Unit3,compressor59
145,Unit4,compressor60
146,Unit5,compressor61
147,Unit6,compressor62
148,Unit7,compressor63
149,Unit1,compressor64
150,Unit2,compressor65
151,Unit3,compressor66
152,Unit4,compressor67
153,Unit5,compressor68
154,Unit6,compressor69
155,Unit7,compressor70
156,Unit1,compressor71
157,Unit2,compressor72
158,Unit3,compressor73
159,Unit4,compressor74
160,Unit5,compressor75
1,Unit6,compressor76
2,Unit7,compressor77
3,Unit1,compressor78
4,Unit2,compressor79
5,Unit3,compressor80
6,Unit4,compressor81
7,Unit5,compressor82
8,Unit6,compressor83
9,Unit7,compressor84
10,Unit1,compressor85
11,Unit2,compressor86
12,Unit3,compressor87
13,Unit4,compressor88
14,Unit5,compressor89
15,Unit6,compressor90
16,Unit7,compressor91
17,Unit1,compressor92
18,Unit2,compressor93
19,Unit3,compressor94
20,Unit4,compressor95
21,Unit5,compressor96
22,Unit6,compressor97
23,Unit7,compressor98
24,Unit1,compressor99
25,Unit2,compressor100
26,Unit3,compressor101
27,Unit4,compressor102
28,Unit5,compressor103
29,Unit6,compressor104
30,Unit7,compressor105
31,Unit1,compressor106
32,Unit2,compressor107
33,Unit3,compressor108
34,Unit4,compressor109
35,Unit5,compressor110
36,Unit6,compressor111
37,Unit7,compressor112
38,Unit1,compressor113
39,Unit2,compressor114
40,Unit3,compressor115
41,Unit4,compressor116
42,Unit5,compressor117
43,Unit6,compressor118
44,Unit7,compressor119
45,Unit1,compressor120
46,Unit2,compressor121
47,Unit3,compressor122
48,Unit4,compressor123
49,Unit5,compressor124
50,Unit6,compressor125
51,Unit7,compressor126
52,Unit1,compressor127
53,Unit2,compressor128
54,Unit3,compressor129
55,Unit4,compressor130
56,Unit5,compressor131
57,Unit6,compressor132
58,Unit7,compressor133
59,Unit1,compressor134
60,Unit2,compressor135
61,Unit3,compressor136
62,Unit4,compressor137
63,Unit5,compressor138
64,Unit6,compressor139
65,Unit7,compressor140
66,Unit1,compressor141
67,Unit2,compressor142
68,Unit3,compressor143
69,Unit4,compressor144
70,Unit5,compressor145
71,Unit6,compressor146
72,Unit7,compressor147
73,Unit1,compressor148
74,Unit2,compressor149
75,Unit3,compressor150
76,Unit4,compressor151
77,Unit5,compressor152
78,Unit6,compressor153
79,Unit7,compressor154
80,Unit1,compressor155
81,Unit2,compressor156
82,Unit3,compressor157
83,Unit4,compressor158
84,Unit5,compressor159
85,Unit6,compressor160
86,Unit7,compressor161
87,Unit1,compressor162
88,Unit2,compressor163
89,Unit3,compressor164
90,Unit4,compressor165
91,Unit5,compressor166
92,Unit6,compressor167
93,Unit7,compressor168
94,Unit1,compressor169
95,Unit2,compressor170
96,Unit3,compressor171
97,Unit4,compressor172
98,Unit5,compressor173
99,Unit6,compressor174
100,Unit7,compressor175
101,Unit1,compressor176
102,Unit2,compressor177
103,Unit3,compressor178
104,Unit4,compressor179
105,Unit5,compressor180
106,Unit6,compressor181
107,Unit7,compressor182
108,Unit1,compressor183
109,Unit2,compressor184
110,Unit3,compressor185
111,Unit4,compressor186
112,Unit5,compressor187
113,Unit6,compressor188
114,Unit7,compressor189
115,Unit1,compressor190
116,Unit2,compressor191
117,Unit3,compressor192
118,Unit4,compressor193
119,Unit5,compressor194
120,Unit6,compressor195
121,Unit7,compressor196
122,Unit1,compressor197
123,Unit2,compressor198
124,Unit3,compressor199
125,Unit4,compressor200
126,Unit5,compressor201
127,Unit6,compressor202
128,Unit7,compressor203
129,Unit1,compressor204
130,Unit2,compressor205
131,Unit3,compressor206
132,Unit4,compressor207
133,Unit5,compressor208
134,Unit6,compressor209
135,Unit7,compressor210
136,Unit1,compressor211
137,Unit2,compressor212
138,Unit3,compressor213
139,Unit4,compressor214
140,Unit5,compressor215
141,Unit6,compressor216
142,Unit7,compressor217
143,Unit1,compressor218
144,Unit2,compressor219
145,Unit3,compressor220
146,Unit4,valve1
147,Unit5,valve2
148,Unit6,valve3
149,Unit7,valve4
150,Unit1,valve5
151,Unit2,valve6
152,Unit3,valve7
153,Unit4,valve8
154,Unit5,valve9
155,Unit6,valve10
156,Unit7,valve11
157,Unit1,valve12
158,Unit2,valve13
159,Unit3,valve14
160,Unit4,valve15
1,Unit5,valve16
2,Unit6,valve17
3,Unit7,valve18
4,Unit1,valve19
5,Unit2,valve20
6,Unit3,valve21
7,Unit4,valve22
8,Unit5,valve23
9,Unit6,valve24
10,Unit7,valve25
11,Unit1,valve26
12,Unit2,valve27
13,Unit3,valve28
14,Unit4,valve29
15,Unit5,valve30
16,Unit6,valve31
17,Unit7,valve32
18,Unit1,valve33
19,Unit2,valve34
